Workbook

Sheet 사용법
A1: AI 주가 예측 결과 기록 템플릿
A3: 이 파일은 stock_return_predictor.py 실행 결과를 기록하고,
A4: 시간이 지난 뒤 실제 값과 비교해 예측 정확도를 추적하기 위한 템플릿입니다.
A6: [시트 구성]
A7: ① 예측기록 : 종목별 예측 결과를 매일 입력하는 시트
A8: ② 요약대시보드 : 방향 정확도, 평균 오차를 자동 집계하는 시트
A10: [입력 방법]
A11: 1. 파란색 글자 셀 = 직접 입력하는 값
A12: 2. 검은색 글자 셀 = 자동 계산되는 수식 (건드리지 마세요)
A13: 3. 예측 당일: 기준일, 종목코드, 종목명, 오늘종가, 예측 내일종가, 예측 7일후종가를 입력
A14: 4. 하루 뒤: 실제 내일종가 칸에 실제 종가를 입력하면 적중 여부가 자동 계산됨
A15: 5. 7일 뒤: 실제 7일후종가 칸에 실제 종가를 입력하면 7일 적중 여부가 자동 계산됨
... A29: 이 템플릿은 투자 자문이 아니며, 예측 정확도를 스스로 검증하기 위한 도구입니다.

Sheet 예측기록
A1: 기준일 | B1: 종목코드 | C1: 종목명 | D1: 오늘종가 | E1: 예측 내일종가 | F1: 예측 내일수익률 | G1: 실제 내일종가 | H1: 실제 내일수익률 | I1: 1일 방향적중 | J1: 1일 절대오차 | K1: 예측 7일후종가 | L1: 예측 7일수익률 | M1: 실제 7일후종가 | N1: 실제 7일수익률 | O1: 7일 방향적중 | P1: 7일 절대오차 | Q1: 메모
A2: 2026-07-09 | B2: 005930.KS | C2: 삼성전자 | D2: 78500 | E2: 78900 | F2: =IF(OR(E2="",D2=""),"",(E2-D2)/D2) -> 0.0050955414 | G2: 79200 | H2: =IF(OR(G2="",D2=""),"",(G2-D2)/D2) -> 0.0089171975 | I2: =IF(G2="","",IF(SIGN(F2)=SIGN(H2),"적중","실패")) -> 적중 | J2: =IF(G2="","",ABS(H2-F2)) -> 0.0038216561 | K2: 80100 | L2: =IF(OR(K2="",D2=""),"",(K2-D2)/D2) -> 0.020382166 | M2: 79800 | N2: =IF(OR(M2="",D2=""),"",(M2-D2)/D2) -> 0.01656051 | O2: =IF(M2="","",IF(SIGN(L2)=SIGN(N2),"적중","실패")) -> 적중 | P2: =IF(M2="","",ABS(N2-L2)) -> 0.0038216561 | Q2: 예시 데이터 - 삭제 후 사용하세요
A3: 2026-07-08 | B3: 005930.KS | C3: 삼성전자 | D3: 77900 | E3: 78200 | F3: =IF(OR(E3="",D3=""),"",(E3-D3)/D3) -> 0.0038510911 | G3: 78500 | H3: =IF(OR(G3="",D3=""),"",(G3-D3)/D3) -> 0.0077021823 | I3: =IF(G3="","",IF(SIGN(F3)=SIGN(H3),"적중","실패")) -> 적중 | J3: =IF(G3="","",ABS(H3-F3)) -> 0.0038510911 | K3: 79000 | L3: =IF(OR(K3="",D3=""),"",(K3-D3)/D3) -> 0.014120668 | N3: =IF(OR(M3="",D3=""),"",(M3-D3)/D3) | O3: =IF(M3="","",IF(SIGN(L3)=SIGN(N3),"적중","실패")) | P3: =IF(M3="","",ABS(N3-L3)) | Q3: 예시 데이터 - 7일 실제값 미입력 상태
A4: 2026-07-07 | B4: 000660.KS | C4: SK하이닉스 | D4: 215000 | E4: 217500 | F4: =IF(OR(E4="",D4=""),"",(E4-D4)/D4) -> 0.011627907 | H4: =IF(OR(G4="",D4=""),"",(G4-D4)/D4) | I4: =IF(G4="","",IF(SIGN(F4)=SIGN(H4),"적중","실패")) | J4: =IF(G4="","",ABS(H4-F4)) | K4: 222000 | L4: =IF(OR(K4="",D4=""),"",(K4-D4)/D4) -> 0.03255814 | N4: =IF(OR(M4="",D4=""),"",(M4-D4)/D4) | O4: =IF(M4="","",IF(SIGN(L4)=SIGN(N4),"적중","실패")) | P4: =IF(M4="","",ABS(N4-L4)) | Q4: 예시 데이터 - 아직 실제값 입력 전
F5: =IF(OR(E5="",D5=""),"",(E5-D5)/D5) | H5: =IF(OR(G5="",D5=""),"",(G5-D5)/D5) | I5: =IF(G5="","",IF(SIGN(F5)=SIGN(H5),"적중","실패")) | J5: =IF(G5="","",ABS(H5-F5)) | L5: =IF(OR(K5="",D5=""),"",(K5-D5)/D5) | N5: =IF(OR(M5="",D5=""),"",(M5-D5)/D5) | O5: =IF(M5="","",IF(SIGN(L5)=SIGN(N5),"적중","실패")) | P5: =IF(M5="","",ABS(N5-L5))
F6: =IF(OR(E6="",D6=""),"",(E6-D6)/D6) | H6: =IF(OR(G6="",D6=""),"",(G6-D6)/D6) | I6: =IF(G6="","",IF(SIGN(F6)=SIGN(H6),"적중","실패")) | J6: =IF(G6="","",ABS(H6-F6)) | L6: =IF(OR(K6="",D6=""),"",(K6-D6)/D6) | N6: =IF(OR(M6="",D6=""),"",(M6-D6)/D6) | O6: =IF(M6="","",IF(SIGN(L6)=SIGN(N6),"적중","실패")) | P6: =IF(M6="","",ABS(N6-L6))
F7: =IF(OR(E7="",D7=""),"",(E7-D7)/D7) | H7: =IF(OR(G7="",D7=""),"",(G7-D7)/D7) | I7: =IF(G7="","",IF(SIGN(F7)=SIGN(H7),"적중","실패")) | J7: =IF(G7="","",ABS(H7-F7)) | L7: =IF(OR(K7="",D7=""),"",(K7-D7)/D7) | N7: =IF(OR(M7="",D7=""),"",(M7-D7)/D7) | O7: =IF(M7="","",IF(SIGN(L7)=SIGN(N7),"적중","실패")) | P7: =IF(M7="","",ABS(N7-L7))
F8: =IF(OR(E8="",D8=""),"",(E8-D8)/D8) | H8: =IF(OR(G8="",D8=""),"",(G8-D8)/D8) | I8: =IF(G8="","",IF(SIGN(F8)=SIGN(H8),"적중","실패")) | J8: =IF(G8="","",ABS(H8-F8)) | L8: =IF(OR(K8="",D8=""),"",(K8-D8)/D8) | N8: =IF(OR(M8="",D8=""),"",(M8-D8)/D8) | O8: =IF(M8="","",IF(SIGN(L8)=SIGN(N8),"적중","실패")) | P8: =IF(M8="","",ABS(N8-L8))
F9: =IF(OR(E9="",D9=""),"",(E9-D9)/D9) | H9: =IF(OR(G9="",D9=""),"",(G9-D9)/D9) | I9: =IF(G9="","",IF(SIGN(F9)=SIGN(H9),"적중","실패")) | J9: =IF(G9="","",ABS(H9-F9)) | L9: =IF(OR(K9="",D9=""),"",(K9-D9)/D9) | N9: =IF(OR(M9="",D9=""),"",(M9-D9)/D9) | O9: =IF(M9="","",IF(SIGN(L9)=SIGN(N9),"적중","실패")) | P9: =IF(M9="","",ABS(N9-L9))
F10: =IF(OR(E10="",D10=""),"",(E10-D10)/D10) | H10: =IF(OR(G10="",D10=""),"",(G10-D10)/D10) | I10: =IF(G10="","",IF(SIGN(F10)=SIGN(H10),"적중","실패")) | J10: =IF(G10="","",ABS(H10-F10)) | L10: =IF(OR(K10="",D10=""),"",(K10-D10)/D10) | N10: =IF(OR(M10="",D10=""),"",(M10-D10)/D10) | O10: =IF(M10="","",IF(SIGN(L10)=SIGN(N10),"적중","실패")) | P10: =IF(M10="","",ABS(N10-L10))
F11: =IF(OR(E11="",D11=""),"",(E11-D11)/D11) | H11: =IF(OR(G11="",D11=""),"",(G11-D11)/D11) | I11: =IF(G11="","",IF(SIGN(F11)=SIGN(H11),"적중","실패")) | J11: =IF(G11="","",ABS(H11-F11)) | L11: =IF(OR(K11="",D11=""),"",(K11-D11)/D11) | N11: =IF(OR(M11="",D11=""),"",(M11-D11)/D11) | O11: =IF(M11="","",IF(SIGN(L11)=SIGN(N11),"적중","실패")) | P11: =IF(M11="","",ABS(N11-L11))
F12: =IF(OR(E12="",D12=""),"",(E12-D12)/D12) | H12: =IF(OR(G12="",D12=""),"",(G12-D12)/D12) | I12: =IF(G12="","",IF(SIGN(F12)=SIGN(H12),"적중","실패")) | J12: =IF(G12="","",ABS(H12-F12)) | L12: =IF(OR(K12="",D12=""),"",(K12-D12)/D12) | N12: =IF(OR(M12="",D12=""),"",(M12-D12)/D12) | O12: =IF(M12="","",IF(SIGN(L12)=SIGN(N12),"적중","실패")) | P12: =IF(M12="","",ABS(N12-L12))
F13: =IF(OR(E13="",D13=""),"",(E13-D13)/D13) | H13: =IF(OR(G13="",D13=""),"",(G13-D13)/D13) | I13: =IF(G13="","",IF(SIGN(F13)=SIGN(H13),"적중","실패")) | J13: =IF(G13="","",ABS(H13-F13)) | L13: =IF(OR(K13="",D13=""),"",(K13-D13)/D13) | N13: =IF(OR(M13="",D13=""),"",(M13-D13)/D13) | O13: =IF(M13="","",IF(SIGN(L13)=SIGN(N13),"적중","실패")) | P13: =IF(M13="","",ABS(N13-L13))
F14: =IF(OR(E14="",D14=""),"",(E14-D14)/D14) | H14: =IF(OR(G14="",D14=""),"",(G14-D14)/D14) | I14: =IF(G14="","",IF(SIGN(F14)=SIGN(H14),"적중","실패")) | J14: =IF(G14="","",ABS(H14-F14)) | L14: =IF(OR(K14="",D14=""),"",(K14-D14)/D14) | N14: =IF(OR(M14="",D14=""),"",(M14-D14)/D14) | O14: =IF(M14="","",IF(SIGN(L14)=SIGN(N14),"적중","실패")) | P14: =IF(M14="","",ABS(N14-L14))
F15: =IF(OR(E15="",D15=""),"",(E15-D15)/D15) | H15: =IF(OR(G15="",D15=""),"",(G15-D15)/D15) | I15: =IF(G15="","",IF(SIGN(F15)=SIGN(H15),"적중","실패")) | J15: =IF(G15="","",ABS(H15-F15)) | L15: =IF(OR(K15="",D15=""),"",(K15-D15)/D15) | N15: =IF(OR(M15="",D15=""),"",(M15-D15)/D15) | O15: =IF(M15="","",IF(SIGN(L15)=SIGN(N15),"적중","실패")) | P15: =IF(M15="","",ABS(N15-L15))
F16: =IF(OR(E16="",D16=""),"",(E16-D16)/D16) | H16: =IF(OR(G16="",D16=""),"",(G16-D16)/D16) | I16: =IF(G16="","",IF(SIGN(F16)=SIGN(H16),"적중","실패")) | J16: =IF(G16="","",ABS(H16-F16)) | L16: =IF(OR(K16="",D16=""),"",(K16-D16)/D16) | N16: =IF(OR(M16="",D16=""),"",(M16-D16)/D16) | O16: =IF(M16="","",IF(SIGN(L16)=SIGN(N16),"적중","실패")) | P16: =IF(M16="","",ABS(N16-L16))
... F200: =IF(OR(E200="",D200=""),"",(E200-D200)/D200) | H200: =IF(OR(G200="",D200=""),"",(G200-D200)/D200) | I200: =IF(G200="","",IF(SIGN(F200)=SIGN(H200),"적중","실패")) | J200: =IF(G200="","",ABS(H200-F200)) | L200: =IF(OR(K200="",D200=""),"",(K200-D200)/D200) | N200: =IF(OR(M200="",D200=""),"",(M200-D200)/D200) | O200: =IF(M200="","",IF(SIGN(L200)=SIGN(N200),"적중","실패")) | P200: =IF(M200="","",ABS(N200-L200))

Sheet 요약대시보드
A1: 예측 성과 요약 대시보드
A3: ※ 아래 지표는 예측기록 시트에 실제값이 입력될 때마다 자동으로 갱신됩니다.
A5: 1일(내일 종가) 예측 성과
A6: 총 예측 건수 (실제값 입력 완료) | C6: =COUNTIF(예측기록!I2:I200,"적중")+COUNTIF(예측기록!I2:I200,"실패") -> 2
A7: 적중 건수 | C7: =COUNTIF(예측기록!I2:I200,"적중") -> 2
A8: 방향 정확도 | C8: =IFERROR(C7/C6,"-") -> 1
A9: 평균 절대 오차 (수익률 기준) | C9: =IFERROR(AVERAGE(예측기록!J2:J200),"-") -> 0.0038363736
A11: 7일(일주일 후) 예측 성과
A12: 총 예측 건수 (실제값 입력 완료) | C12: =COUNTIF(예측기록!O2:O200,"적중")+COUNTIF(예측기록!O2:O200,"실패") -> 1
A13: 적중 건수 | C13: =COUNTIF(예측기록!O2:O200,"적중") -> 1
A14: 방향 정확도 | C14: =IFERROR(C13/C12,"-") -> 1
A15: 평균 절대 오차 (수익률 기준) | C15: =IFERROR(AVERAGE(예측기록!P2:P200),"-") -> 0.0038216561
A17: 참고 기준선
A18: 랜덤(동전 던지기) 수준 | C18: 0.5
A19: 실전에서 의미 있다고 보는 수준 (참고용) | C19: 52% ~ 58%
